PRAGMA foreign_keys=OFF;
BEGIN TRANSACTION;
CREATE TABLE IF NOT EXISTS "django_migrations" ("id" integer NOT NULL PRIMARY KEY AUTOINCREMENT, "app" varchar(255) NOT NULL, "name" varchar(255) NOT NULL, "applied" datetime NOT NULL);
INSERT INTO django_migrations VALUES(1,'contenttypes','0001_initial','2019-12-19 15:54:38.480528');
INSERT INTO django_migrations VALUES(2,'auth','0001_initial','2019-12-19 15:54:38.502859');
INSERT INTO django_migrations VALUES(3,'admin','0001_initial','2019-12-19 15:54:38.523760');
INSERT INTO django_migrations VALUES(4,'admin','0002_logentry_remove_auto_add','2019-12-19 15:54:38.560885');
INSERT INTO django_migrations VALUES(5,'admin','0003_logentry_add_action_flag_choices','2019-12-19 15:54:38.579700');
INSERT INTO django_migrations VALUES(6,'contenttypes','0002_remove_content_type_name','2019-12-19 15:54:38.614615');
INSERT INTO django_migrations VALUES(7,'auth','0002_alter_permission_name_max_length','2019-12-19 15:54:38.658880');
INSERT INTO django_migrations VALUES(8,'auth','0003_alter_user_email_max_length','2019-12-19 15:54:38.697228');
INSERT INTO django_migrations VALUES(9,'auth','0004_alter_user_username_opts','2019-12-19 15:54:38.718651');
INSERT INTO django_migrations VALUES(10,'auth','0005_alter_user_last_login_null','2019-12-19 15:54:38.735997');
INSERT INTO django_migrations VALUES(11,'auth','0006_require_contenttypes_0002','2019-12-19 15:54:38.743345');
INSERT INTO django_migrations VALUES(12,'auth','0007_alter_validators_add_error_messages','2019-12-19 15:54:38.763947');
INSERT INTO django_migrations VALUES(13,'auth','0008_alter_user_username_max_length','2019-12-19 15:54:38.789412');
INSERT INTO django_migrations VALUES(14,'auth','0009_alter_user_last_name_max_length','2019-12-19 15:54:38.806057');
INSERT INTO django_migrations VALUES(15,'auth','0010_alter_group_name_max_length','2019-12-19 15:54:38.826077');
INSERT INTO django_migrations VALUES(16,'auth','0011_update_proxy_permissions','2019-12-19 15:54:38.841452');
INSERT INTO django_migrations VALUES(17,'sessions','0001_initial','2019-12-19 15:54:38.855893');
INSERT INTO django_migrations VALUES(18,'blog','0001_initial','2019-12-19 16:03:59.438099');
INSERT INTO django_migrations VALUES(19,'blog','0002_post_status','2019-12-22 11:01:20.123542');
INSERT INTO django_migrations VALUES(20,'blog','0003_auto_20191222_1233','2019-12-22 12:33:58.309078');
INSERT INTO django_migrations VALUES(21,'blog','0004_auto_20191222_1234','2019-12-22 12:34:11.327808');
INSERT INTO django_migrations VALUES(22,'blog','0005_comment','2019-12-22 12:45:21.863796');
INSERT INTO django_migrations VALUES(23,'blog','0006_auto_20191222_1439','2019-12-22 14:39:47.864302');
INSERT INTO django_migrations VALUES(24,'blog','0007_auto_20191222_1443','2019-12-22 14:43:16.606539');
CREATE TABLE IF NOT EXISTS "auth_group_permissions" ("id" integer NOT NULL PRIMARY KEY AUTOINCREMENT, "group_id" integer NOT NULL REFERENCES "auth_group" ("id") DEFERRABLE INITIALLY DEFERRED, "permission_id" integer NOT NULL REFERENCES "auth_permission" ("id") DEFERRABLE INITIALLY DEFERRED);
CREATE TABLE IF NOT EXISTS "auth_user_groups" ("id" integer NOT NULL PRIMARY KEY AUTOINCREMENT, "user_id" integer NOT NULL REFERENCES "auth_user" ("id") DEFERRABLE INITIALLY DEFERRED, "group_id" integer NOT NULL REFERENCES "auth_group" ("id") DEFERRABLE INITIALLY DEFERRED);
CREATE TABLE IF NOT EXISTS "auth_user_user_permissions" ("id" integer NOT NULL PRIMARY KEY AUTOINCREMENT, "user_id" integer NOT NULL REFERENCES "auth_user" ("id") DEFERRABLE INITIALLY DEFERRED, "permission_id" integer NOT NULL REFERENCES "auth_permission" ("id") DEFERRABLE INITIALLY DEFERRED);
CREATE TABLE IF NOT EXISTS "django_admin_log" ("id" integer NOT NULL PRIMARY KEY AUTOINCREMENT, "action_time" datetime NOT NULL, "object_id" text NULL, "object_repr" varchar(200) NOT NULL, "change_message" text NOT NULL, "content_type_id" integer NULL REFERENCES "django_content_type" ("id") DEFERRABLE INITIALLY DEFERRED, "user_id" integer NOT NULL REFERENCES "auth_user" ("id") DEFERRABLE INITIALLY DEFERRED, "action_flag" smallint unsigned NOT NULL CHECK ("action_flag" >= 0));
INSERT INTO django_admin_log VALUES(1,'2019-12-19 16:04:56.539832','1','Post object (1)','[{"added": {}}]',7,1,1);
INSERT INTO django_admin_log VALUES(2,'2019-12-19 16:07:16.504152','2','Post object (2)','[{"added": {}}]',7,1,1);
INSERT INTO django_admin_log VALUES(3,'2019-12-19 16:07:30.327113','1','Post object (1)','',7,1,3);
INSERT INTO django_admin_log VALUES(4,'2019-12-19 16:12:04.180235','3','Post object (3)','[{"added": {}}]',7,1,1);
INSERT INTO django_admin_log VALUES(5,'2019-12-19 17:50:06.120897','2','Post object (2)','[{"changed": {"fields": ["content"]}}]',7,1,2);
INSERT INTO django_admin_log VALUES(6,'2019-12-19 17:50:39.686801','2','Post object (2)','[{"changed": {"fields": ["content"]}}]',7,1,2);
INSERT INTO django_admin_log VALUES(7,'2019-12-19 17:51:03.872640','3','Post object (3)','[]',7,1,2);
INSERT INTO django_admin_log VALUES(8,'2019-12-19 17:51:34.560651','2','Post object (2)','[{"changed": {"fields": ["content"]}}]',7,1,2);
INSERT INTO django_admin_log VALUES(9,'2019-12-19 17:52:19.333968','3','Post object (3)','[{"changed": {"fields": ["content"]}}]',7,1,2);
INSERT INTO django_admin_log VALUES(10,'2019-12-19 17:53:32.824661','3','Post object (3)','[{"changed": {"fields": ["content"]}}]',7,1,2);
INSERT INTO django_admin_log VALUES(11,'2019-12-19 17:54:29.865211','3','Post object (3)','[{"changed": {"fields": ["content"]}}]',7,1,2);
INSERT INTO django_admin_log VALUES(12,'2019-12-19 17:58:25.633222','3','Post object (3)','[{"changed": {"fields": ["content"]}}]',7,1,2);
INSERT INTO django_admin_log VALUES(13,'2019-12-19 17:59:07.064799','3','Post object (3)','[{"changed": {"fields": ["content"]}}]',7,1,2);
INSERT INTO django_admin_log VALUES(14,'2019-12-19 18:03:07.005399','2','Post object (2)','[{"changed": {"fields": ["content"]}}]',7,1,2);
INSERT INTO django_admin_log VALUES(15,'2019-12-19 18:03:33.678346','3','Post object (3)','[{"changed": {"fields": ["content"]}}]',7,1,2);
INSERT INTO django_admin_log VALUES(16,'2019-12-19 18:16:47.502946','4','Post object (4)','[{"added": {}}]',7,1,1);
INSERT INTO django_admin_log VALUES(17,'2019-12-19 18:17:41.146224','4','Post object (4)','[]',7,1,2);
INSERT INTO django_admin_log VALUES(18,'2019-12-19 18:18:28.318395','4','Post object (4)','[{"changed": {"fields": ["content"]}}]',7,1,2);
INSERT INTO django_admin_log VALUES(19,'2019-12-19 18:20:36.169783','4','Post object (4)','[{"changed": {"fields": ["content"]}}]',7,1,2);
INSERT INTO django_admin_log VALUES(20,'2019-12-20 01:43:06.362274','5','Post object (5)','[{"added": {}}]',7,1,1);
INSERT INTO django_admin_log VALUES(21,'2019-12-20 01:45:32.974785','6','Post object (6)','[{"added": {}}]',7,1,1);
INSERT INTO django_admin_log VALUES(22,'2019-12-20 02:04:20.536504','6','Post object (6)','',7,1,3);
INSERT INTO django_admin_log VALUES(23,'2019-12-20 02:04:48.066202','5','Post object (5)','[{"changed": {"fields": ["content"]}}]',7,1,2);
INSERT INTO django_admin_log VALUES(24,'2019-12-20 02:06:28.866545','5','Post object (5)','[{"changed": {"fields": ["content"]}}]',7,1,2);
INSERT INTO django_admin_log VALUES(25,'2019-12-20 02:19:54.735228','7','Post object (7)','[{"added": {}}]',7,1,1);
INSERT INTO django_admin_log VALUES(26,'2019-12-20 02:21:24.919716','5','Post object (5)','[{"changed": {"fields": ["content"]}}]',7,1,2);
INSERT INTO django_admin_log VALUES(27,'2019-12-20 02:22:07.581376','5','Post object (5)','[{"changed": {"fields": ["content"]}}]',7,1,2);
INSERT INTO django_admin_log VALUES(28,'2019-12-20 02:23:21.361821','5','Post object (5)','[{"changed": {"fields": ["content"]}}]',7,1,2);
INSERT INTO django_admin_log VALUES(29,'2019-12-20 02:23:27.732254','7','Post object (7)','',7,1,3);
INSERT INTO django_admin_log VALUES(30,'2019-12-20 03:29:52.049049','5','Post object (5)','[{"changed": {"fields": ["content"]}}]',7,1,2);
INSERT INTO django_admin_log VALUES(31,'2019-12-20 03:30:00.453574','4','Post object (4)','[{"changed": {"fields": ["content"]}}]',7,1,2);
INSERT INTO django_admin_log VALUES(32,'2019-12-20 03:30:06.550649','3','Post object (3)','[{"changed": {"fields": ["content"]}}]',7,1,2);
INSERT INTO django_admin_log VALUES(33,'2019-12-20 03:30:12.734909','2','Post object (2)','[{"changed": {"fields": ["content"]}}]',7,1,2);
INSERT INTO django_admin_log VALUES(34,'2019-12-20 03:31:00.878716','5','Post object (5)','[{"changed": {"fields": ["content"]}}]',7,1,2);
INSERT INTO django_admin_log VALUES(35,'2019-12-20 03:31:05.438256','4','Post object (4)','[{"changed": {"fields": ["content"]}}]',7,1,2);
INSERT INTO django_admin_log VALUES(36,'2019-12-20 03:31:09.190706','3','Post object (3)','[{"changed": {"fields": ["content"]}}]',7,1,2);
INSERT INTO django_admin_log VALUES(37,'2019-12-20 03:31:13.037563','2','Post object (2)','[{"changed": {"fields": ["content"]}}]',7,1,2);
INSERT INTO django_admin_log VALUES(38,'2019-12-20 06:44:54.433751','8','Post object (8)','[{"added": {}}]',7,1,1);
INSERT INTO django_admin_log VALUES(39,'2019-12-20 07:46:11.321068','4','Post object (4)','[{"changed": {"fields": ["content"]}}]',7,1,2);
INSERT INTO django_admin_log VALUES(40,'2019-12-20 07:46:35.483679','5','Post object (5)','[{"changed": {"fields": ["content"]}}]',7,1,2);
INSERT INTO django_admin_log VALUES(41,'2019-12-20 07:46:58.667759','8','Post object (8)','[{"changed": {"fields": ["content"]}}]',7,1,2);
INSERT INTO django_admin_log VALUES(42,'2019-12-20 07:48:27.443812','9','Post object (9)','[{"added": {}}]',7,1,1);
INSERT INTO django_admin_log VALUES(43,'2019-12-20 07:58:18.190763','9','Post object (9)','[{"changed": {"fields": ["content"]}}]',7,1,2);
INSERT INTO django_admin_log VALUES(44,'2019-12-22 03:23:39.750798','10','Post object (10)','[{"added": {}}]',7,1,1);
INSERT INTO django_admin_log VALUES(45,'2019-12-22 03:25:35.601570','10','Post object (10)','[{"changed": {"fields": ["content"]}}]',7,1,2);
INSERT INTO django_admin_log VALUES(46,'2019-12-22 03:43:59.362565','10','Post object (10)','[{"changed": {"fields": ["content"]}}]',7,1,2);
INSERT INTO django_admin_log VALUES(47,'2019-12-22 03:48:00.693132','10','Post object (10)','[{"changed": {"fields": ["content"]}}]',7,1,2);
INSERT INTO django_admin_log VALUES(48,'2019-12-22 03:48:43.169382','10','Post object (10)','[{"changed": {"fields": ["content"]}}]',7,1,2);
INSERT INTO django_admin_log VALUES(49,'2019-12-22 03:51:50.484793','10','Post object (10)','[{"changed": {"fields": ["content"]}}]',7,1,2);
INSERT INTO django_admin_log VALUES(50,'2019-12-22 03:57:06.200833','10','Post object (10)','[{"changed": {"fields": ["content"]}}]',7,1,2);
INSERT INTO django_admin_log VALUES(51,'2019-12-22 03:57:27.619664','10','Post object (10)','[{"changed": {"fields": ["content"]}}]',7,1,2);
INSERT INTO django_admin_log VALUES(52,'2019-12-22 03:58:08.044149','10','Post object (10)','[{"changed": {"fields": ["content"]}}]',7,1,2);
INSERT INTO django_admin_log VALUES(53,'2019-12-22 03:58:26.269431','10','Post object (10)','[{"changed": {"fields": ["content"]}}]',7,1,2);
INSERT INTO django_admin_log VALUES(54,'2019-12-22 04:02:21.234825','10','Post object (10)','[{"changed": {"fields": ["content"]}}]',7,1,2);
INSERT INTO django_admin_log VALUES(55,'2019-12-22 04:02:39.736265','10','Post object (10)','[{"changed": {"fields": ["content"]}}]',7,1,2);
INSERT INTO django_admin_log VALUES(56,'2019-12-22 04:40:42.571384','11','Post object (11)','[{"added": {}}]',7,1,1);
INSERT INTO django_admin_log VALUES(57,'2019-12-22 04:41:57.370127','11','Post object (11)','[]',7,1,2);
INSERT INTO django_admin_log VALUES(58,'2019-12-22 04:43:57.967519','11','Post object (11)','[{"changed": {"fields": ["content"]}}]',7,1,2);
INSERT INTO django_admin_log VALUES(59,'2019-12-22 04:45:10.116428','10','Post object (10)','[{"changed": {"fields": ["content"]}}]',7,1,2);
INSERT INTO django_admin_log VALUES(60,'2019-12-22 04:45:42.407254','10','Post object (10)','[{"changed": {"fields": ["content"]}}]',7,1,2);
INSERT INTO django_admin_log VALUES(61,'2019-12-22 04:45:56.058039','10','Post object (10)','[{"changed": {"fields": ["content"]}}]',7,1,2);
INSERT INTO django_admin_log VALUES(62,'2019-12-22 04:47:44.703527','11','Post object (11)','[{"changed": {"fields": ["content"]}}]',7,1,2);
INSERT INTO django_admin_log VALUES(63,'2019-12-22 04:51:31.088372','11','Post object (11)','[{"changed": {"fields": ["content"]}}]',7,1,2);
INSERT INTO django_admin_log VALUES(64,'2019-12-22 04:55:36.087055','11','Post object (11)','[{"changed": {"fields": ["content"]}}]',7,1,2);
INSERT INTO django_admin_log VALUES(65,'2019-12-22 04:55:55.057667','11','Post object (11)','[{"changed": {"fields": ["content"]}}]',7,1,2);
INSERT INTO django_admin_log VALUES(66,'2019-12-22 04:58:33.603223','11','Post object (11)','[{"changed": {"fields": ["content"]}}]',7,1,2);
INSERT INTO django_admin_log VALUES(67,'2019-12-22 04:59:44.788363','11','Post object (11)','[{"changed": {"fields": ["content"]}}]',7,1,2);
INSERT INTO django_admin_log VALUES(68,'2019-12-22 05:00:30.649394','10','Post object (10)','[{"changed": {"fields": ["content"]}}]',7,1,2);
INSERT INTO django_admin_log VALUES(69,'2019-12-22 06:48:19.633211','10','Post object (10)','[{"changed": {"fields": ["content"]}}]',7,1,2);
INSERT INTO django_admin_log VALUES(70,'2019-12-22 11:03:21.825901','11','mp3test','[{"changed": {"fields": ["status"]}}]',7,1,2);
INSERT INTO django_admin_log VALUES(71,'2019-12-22 11:21:51.010968','10','videotest','[{"changed": {"fields": ["status"]}}]',7,1,2);
INSERT INTO django_admin_log VALUES(72,'2019-12-22 11:26:24.043784','11','mp3test','[{"changed": {"fields": ["status"]}}]',7,1,2);
INSERT INTO django_admin_log VALUES(73,'2019-12-22 11:26:35.847842','10','videotest','[{"changed": {"fields": ["status"]}}]',7,1,2);
INSERT INTO django_admin_log VALUES(74,'2019-12-22 11:28:06.869249','11','mp3test','[{"changed": {"fields": ["status"]}}]',7,1,2);
INSERT INTO django_admin_log VALUES(75,'2019-12-22 11:40:29.048887','11','mp3test','[{"changed": {"fields": ["status"]}}]',7,1,2);
INSERT INTO django_admin_log VALUES(76,'2019-12-22 12:04:13.303744','11','mp3test','[{"changed": {"fields": ["status"]}}]',7,1,2);
INSERT INTO django_admin_log VALUES(77,'2019-12-22 12:04:32.685842','10','videotest','[{"changed": {"fields": ["status"]}}]',7,1,2);
INSERT INTO django_admin_log VALUES(78,'2019-12-22 12:04:32.698977','9','giftest','[{"changed": {"fields": ["status"]}}]',7,1,2);
INSERT INTO django_admin_log VALUES(79,'2019-12-22 12:04:46.885650','5','pictest','[{"changed": {"fields": ["status"]}}]',7,1,2);
INSERT INTO django_admin_log VALUES(80,'2019-12-22 12:04:46.901885','4','codetest','[{"changed": {"fields": ["status"]}}]',7,1,2);
INSERT INTO django_admin_log VALUES(81,'2019-12-22 15:34:58.521005','12','commenttest','[{"added": {}}]',7,1,1);
INSERT INTO django_admin_log VALUES(82,'2019-12-22 15:35:27.055039','1','Comments by test on 假如生活欺骗了你','',8,1,3);
INSERT INTO django_admin_log VALUES(83,'2019-12-22 15:35:27.065442','2','Comments by test on 假如生活欺骗了你','',8,1,3);
INSERT INTO django_admin_log VALUES(84,'2019-12-22 15:35:27.072529','3','Comments by test on 假如生活欺骗了你','',8,1,3);
INSERT INTO django_admin_log VALUES(85,'2019-12-22 15:35:27.182879','4','Comments by test on 假如生活欺骗了你','',8,1,3);
INSERT INTO django_admin_log VALUES(86,'2019-12-22 15:35:27.189604','5','Comments by test on 假如生活欺骗了你','',8,1,3);
INSERT INTO django_admin_log VALUES(87,'2019-12-22 15:35:27.195236','6','Comments by test on 假如生活欺骗了你','',8,1,3);
INSERT INTO django_admin_log VALUES(88,'2019-12-22 15:35:27.200595','7','Comments by test on 假如生活欺骗了你','',8,1,3);
INSERT INTO django_admin_log VALUES(89,'2019-12-22 15:35:27.208981','8','Comments by test on 假如生活欺骗了你','',8,1,3);
CREATE TABLE IF NOT EXISTS "django_content_type" ("id" integer NOT NULL PRIMARY KEY AUTOINCREMENT, "app_label" varchar(100) NOT NULL, "model" varchar(100) NOT NULL);
INSERT INTO django_content_type VALUES(1,'admin','logentry');
INSERT INTO django_content_type VALUES(2,'auth','permission');
INSERT INTO django_content_type VALUES(3,'auth','group');
INSERT INTO django_content_type VALUES(4,'auth','user');
INSERT INTO django_content_type VALUES(5,'contenttypes','contenttype');
INSERT INTO django_content_type VALUES(6,'sessions','session');
INSERT INTO django_content_type VALUES(7,'blog','post');
INSERT INTO django_content_type VALUES(8,'blog','comment');
CREATE TABLE IF NOT EXISTS "auth_permission" ("id" integer NOT NULL PRIMARY KEY AUTOINCREMENT, "content_type_id" integer NOT NULL REFERENCES "django_content_type" ("id") DEFERRABLE INITIALLY DEFERRED, "codename" varchar(100) NOT NULL, "name" varchar(255) NOT NULL);
INSERT INTO auth_permission VALUES(1,1,'add_logentry','Can add log entry');
INSERT INTO auth_permission VALUES(2,1,'change_logentry','Can change log entry');
INSERT INTO auth_permission VALUES(3,1,'delete_logentry','Can delete log entry');
INSERT INTO auth_permission VALUES(4,1,'view_logentry','Can view log entry');
INSERT INTO auth_permission VALUES(5,2,'add_permission','Can add permission');
INSERT INTO auth_permission VALUES(6,2,'change_permission','Can change permission');
INSERT INTO auth_permission VALUES(7,2,'delete_permission','Can delete permission');
INSERT INTO auth_permission VALUES(8,2,'view_permission','Can view permission');
INSERT INTO auth_permission VALUES(9,3,'add_group','Can add group');
INSERT INTO auth_permission VALUES(10,3,'change_group','Can change group');
INSERT INTO auth_permission VALUES(11,3,'delete_group','Can delete group');
INSERT INTO auth_permission VALUES(12,3,'view_group','Can view group');
INSERT INTO auth_permission VALUES(13,4,'add_user','Can add user');
INSERT INTO auth_permission VALUES(14,4,'change_user','Can change user');
INSERT INTO auth_permission VALUES(15,4,'delete_user','Can delete user');
INSERT INTO auth_permission VALUES(16,4,'view_user','Can view user');
INSERT INTO auth_permission VALUES(17,5,'add_contenttype','Can add content type');
INSERT INTO auth_permission VALUES(18,5,'change_contenttype','Can change content type');
INSERT INTO auth_permission VALUES(19,5,'delete_contenttype','Can delete content type');
INSERT INTO auth_permission VALUES(20,5,'view_contenttype','Can view content type');
INSERT INTO auth_permission VALUES(21,6,'add_session','Can add session');
INSERT INTO auth_permission VALUES(22,6,'change_session','Can change session');
INSERT INTO auth_permission VALUES(23,6,'delete_session','Can delete session');
INSERT INTO auth_permission VALUES(24,6,'view_session','Can view session');
INSERT INTO auth_permission VALUES(25,7,'add_post','Can add post');
INSERT INTO auth_permission VALUES(26,7,'change_post','Can change post');
INSERT INTO auth_permission VALUES(27,7,'delete_post','Can delete post');
INSERT INTO auth_permission VALUES(28,7,'view_post','Can view post');
INSERT INTO auth_permission VALUES(29,8,'add_comment','Can add comment');
INSERT INTO auth_permission VALUES(30,8,'change_comment','Can change comment');
INSERT INTO auth_permission VALUES(31,8,'delete_comment','Can delete comment');
INSERT INTO auth_permission VALUES(32,8,'view_comment','Can view comment');
CREATE TABLE IF NOT EXISTS "auth_user" ("id" integer NOT NULL PRIMARY KEY AUTOINCREMENT, "password" varchar(128) NOT NULL, "last_login" datetime NULL, "is_superuser" bool NOT NULL, "username" varchar(150) NOT NULL UNIQUE, "first_name" varchar(30) NOT NULL, "email" varchar(254) NOT NULL, "is_staff" bool NOT NULL, "is_active" bool NOT NULL, "date_joined" datetime NOT NULL, "last_name" varchar(150) NOT NULL);
INSERT INTO auth_user VALUES(1,'pbkdf2_sha256$150000$BfmxtWtAa0Ua$mKyPkgUa9MHvliKqmV8DLbg7vUTaGxxugYsiqp4t+dw=','2019-12-22 11:56:08.494198',1,'wensongquan','','wenbao@oabnew.com',1,1,'2019-12-19 15:55:43.030644','');
INSERT INTO auth_user VALUES(2,'pbkdf2_sha256$150000$D1T7W5rnWs3N$fDpMwdVAKaSqROv6z5xC0YlNtUXNLN3+A+o8zM7lUwM=',NULL,1,'yakoazz','','yakoazz@oabnew.com',1,1,'2019-12-19 15:56:13.324636','');
CREATE TABLE IF NOT EXISTS "auth_group" ("id" integer NOT NULL PRIMARY KEY AUTOINCREMENT, "name" varchar(150) NOT NULL UNIQUE);
CREATE TABLE IF NOT EXISTS "django_session" ("session_key" varchar(40) NOT NULL PRIMARY KEY, "session_data" text NOT NULL, "expire_date" datetime NOT NULL);
INSERT INTO django_session VALUES('jot945ns4672jr8eair0wlzekwcwywb9','MjY5OWJlY2NiYjE0OTRhNzIzMjIzYTZlOTA2OTBkNTUyYzM3NTQwYzp7Il9hdXRoX3VzZXJfaWQiOiIxIiwiX2F1dGhfdXNlcl9iYWNrZW5kIjoiZGphbmdvLmNvbnRyaWIuYXV0aC5iYWNrZW5kcy5Nb2RlbEJhY2tlbmQiLCJfYXV0aF91c2VyX2hhc2giOiJiYTVlNDI0ZjRhZmUxZDlkZDNkODUzY2U2NzE2YzI0YmVjODVmODFmIn0=','2020-01-02 17:48:46.187986');
INSERT INTO django_session VALUES('0sawxfhjy3k0zort2nblrzrp7ns2b0h4','MjY5OWJlY2NiYjE0OTRhNzIzMjIzYTZlOTA2OTBkNTUyYzM3NTQwYzp7Il9hdXRoX3VzZXJfaWQiOiIxIiwiX2F1dGhfdXNlcl9iYWNrZW5kIjoiZGphbmdvLmNvbnRyaWIuYXV0aC5iYWNrZW5kcy5Nb2RlbEJhY2tlbmQiLCJfYXV0aF91c2VyX2hhc2giOiJiYTVlNDI0ZjRhZmUxZDlkZDNkODUzY2U2NzE2YzI0YmVjODVmODFmIn0=','2020-01-02 18:31:49.000421');
INSERT INTO django_session VALUES('p7sf3gy15ccvmlmratttw8cgw7jii1cp','MjY5OWJlY2NiYjE0OTRhNzIzMjIzYTZlOTA2OTBkNTUyYzM3NTQwYzp7Il9hdXRoX3VzZXJfaWQiOiIxIiwiX2F1dGhfdXNlcl9iYWNrZW5kIjoiZGphbmdvLmNvbnRyaWIuYXV0aC5iYWNrZW5kcy5Nb2RlbEJhY2tlbmQiLCJfYXV0aF91c2VyX2hhc2giOiJiYTVlNDI0ZjRhZmUxZDlkZDNkODUzY2U2NzE2YzI0YmVjODVmODFmIn0=','2020-01-03 01:04:33.417016');
INSERT INTO django_session VALUES('dpj36upckbk42x1nj6w79chxhgt4oil9','MjY5OWJlY2NiYjE0OTRhNzIzMjIzYTZlOTA2OTBkNTUyYzM3NTQwYzp7Il9hdXRoX3VzZXJfaWQiOiIxIiwiX2F1dGhfdXNlcl9iYWNrZW5kIjoiZGphbmdvLmNvbnRyaWIuYXV0aC5iYWNrZW5kcy5Nb2RlbEJhY2tlbmQiLCJfYXV0aF91c2VyX2hhc2giOiJiYTVlNDI0ZjRhZmUxZDlkZDNkODUzY2U2NzE2YzI0YmVjODVmODFmIn0=','2020-01-05 11:56:08.503108');
CREATE TABLE IF NOT EXISTS "blog_post" ("id" integer NOT NULL PRIMARY KEY AUTOINCREMENT, "title" varchar(100) NOT NULL, "content" text NOT NULL, "created_at" datetime NOT NULL, "status" varchar(1) NOT NULL, "modified_at" datetime NOT NULL);
INSERT INTO blog_post VALUES(2,'假如生活欺骗了你',replace(replace('## 假如生活欺骗了你\r\n\r\n* 【作者】普希金 【朝代】现代\r\n\r\n假如生活欺骗了你\r\n\r\n不要悲伤，不要心急！\r\n\r\n忧郁的日子里须要镇静：\r\n\r\n相信吧，快乐的日子将会来临！\r\n\r\n心儿永远向往着未来；\r\n\r\n现在却常是忧郁。\r\n\r\n一切都是瞬息，一切都将会过去；\r\n\r\n而那过去了的，就会成为亲切的怀恋。','\r',char(13)),'\n',char(10)),'2019-12-19 16:07:16.503651','p','2019-12-22 12:33:58.299499');
INSERT INTO blog_post VALUES(3,'生如夏花',replace(replace('## 生如夏花\r\n\r\n* 泰戈尔\r\n\r\n生如夏花\r\n\r\n生命，一次又一次轻薄过\r\n\r\n轻狂不知疲倦\r\n\r\n——题记\r\n\r\n1\r\n\r\n我听见回声，来自山谷和心间\r\n\r\n以寂寞的镰刀收割空旷的灵魂\r\n\r\n不断地重复决绝，又重复幸福\r\n\r\n终有绿洲摇曳在沙漠\r\n\r\n我相信自己\r\n\r\n生来如同璀璨的夏日之花\r\n\r\n不凋不败，妖冶如火\r\n\r\n承受心跳的负荷和呼吸的累赘\r\n\r\n乐此不疲\r\n\r\n2\r\n\r\n我听见音乐，来自月光和胴体\r\n\r\n辅极端的诱饵捕获飘渺的唯美\r\n\r\n一生充盈着激烈，又充盈着纯然\r\n\r\n总有回忆贯穿于世间\r\n\r\n我相信自己\r\n\r\n死时如同静美的秋日落叶\r\n\r\n不盛不乱，姿态如烟\r\n\r\n即便枯萎也保留丰肌清骨的傲然\r\n\r\n玄之又玄\r\n\r\n3\r\n\r\n我听见爱情，我相信爱情\r\n\r\n爱情是一潭挣扎的蓝藻\r\n\r\n如同一阵凄微的风\r\n\r\n穿过我失血的静脉\r\n\r\n驻守岁月的信念\r\n\r\n4\r\n\r\n我相信一切能够听见\r\n\r\n甚至预见离散，遇见另一个自己\r\n\r\n而有些瞬间无法把握\r\n\r\n任凭东走西顾，逝去的必然不返\r\n\r\n请看我头置簪花，一路走来一路盛开\r\n\r\n频频遗漏一些，又深陷风霜雨雪的感动\r\n\r\n5\r\n\r\n般若波罗蜜，一声一声\r\n\r\n生如夏花之绚烂，死如秋叶之静美\r\n\r\n还在乎拥有什么','\r',char(13)),'\n',char(10)),'2019-12-19 16:12:04.179772','p','2019-12-22 12:33:58.299499');
INSERT INTO blog_post VALUES(4,'codetest',replace(replace('## codetest\r\n\r\n代码测试\r\n\r\n```c\r\n#include <stdio.h>\r\n\r\nint main(){\r\n    printf("Hello World!");\r\n	return 0;\r\n}\r\n```','\r',char(13)),'\n',char(10)),'2019-12-19 18:16:47.502463','p','2019-12-22 12:33:58.299499');
INSERT INTO blog_post VALUES(5,'pictest',replace(replace('## pictest\r\n\r\n图片测试\r\n\r\n![test](/media/editor/456_20191220022316904138.PNG)','\r',char(13)),'\n',char(10)),'2019-12-20 01:43:06.361807','p','2019-12-22 12:33:58.299499');
INSERT INTO blog_post VALUES(8,'logcodetest',replace(replace('## logcodetest\r\012\r\012长代码测试\r\012\r\012```c\r\012#include <stdio.h>\r\012\r\012int main() {\r\012    printf("This is a long long long long long long long long long long long long long long long long long code\n");\r\012    return 0;\r\012}\r\012```','\r',char(13)),'\012',char(10)),'2019-12-20 06:44:54.433277','p','2019-12-22 12:33:58.299499');
INSERT INTO blog_post VALUES(9,'giftest',replace(replace('## giftest\r\n\r\ngif 测试\r\n\r\n![](/media/editor/test_20191220074823867769.PNG)','\r',char(13)),'\n',char(10)),'2019-12-20 07:48:27.443293','p','2019-12-22 12:33:58.299499');
INSERT INTO blog_post VALUES(10,'videotest',replace(replace('## videotest\r\n\r\nvideotest\r\n\r\n史诗级辩论\r\n<iframe  src="http://www.oabnew.com/video/zw.mp4" frameborder=0 allowfullscreen></iframe>\r\n\r\n舌战群儒\r\n<iframe  src="http://www.oabnew.com/video/%E8%AF%B8%E8%91%9B%E4%BA%AE%E8%88%8C%E6%88%98%E7%BE%A4%E5%84%92.mp4" frameborder=0 allowfullscreen></iframe>','\r',char(13)),'\n',char(10)),'2019-12-22 03:23:39.749719','p','2019-12-22 12:33:58.299499');
INSERT INTO blog_post VALUES(11,'mp3test',replace(replace('## mp3test\r\n\r\nmp3test\r\n\r\n生活不止眼前的苟且\r\n<audio controls>\r\n  <source src="http://oabnew.com/video/%E7%94%9F%E6%B4%BB%E4%B8%8D%E6%AD%A2%E7%9C%BC%E5%89%8D%E7%9A%84%E8%8B%9F%E4%B8%94-%E8%AE%B8%E5%B7%8D.mp3" type="audio/mpeg">\r\n  您的浏览器不支持 audio 元素\r\n</audio>','\r',char(13)),'\n',char(10)),'2019-12-22 04:40:42.570949','p','2019-12-22 12:33:58.299499');
INSERT INTO blog_post VALUES(12,'commenttest',replace(replace('## commenttest\r\n\r\nThis is a comment test','\r',char(13)),'\n',char(10)),'2019-12-22 15:34:29','p','2019-12-22 15:34:58.520510');
CREATE TABLE IF NOT EXISTS "blog_comment" ("id" integer NOT NULL PRIMARY KEY AUTOINCREMENT, "name" varchar(80) NOT NULL, "email" varchar(254) NOT NULL, "created" datetime NOT NULL, "updated" datetime NOT NULL, "active" bool NOT NULL, "post_id" integer NOT NULL REFERENCES "blog_post" ("id") DEFERRABLE INITIALLY DEFERRED, "body" text NOT NULL);
INSERT INTO blog_comment VALUES(9,'wenbao','wenbao@oabnew.com','2019-12-22 15:36:04.467967','2019-12-22 15:36:04.468006',1,12,'test');
INSERT INTO blog_comment VALUES(10,'wenbao','wenbao@oabnew.com','2019-12-22 15:37:04.103016','2019-12-22 15:37:04.103065',1,12,'This is a long long long long long long long long long long long long long long long long long long long long long long long long long long long long long long long long long long long long long long long long long long long long long long long long long long long long long long long long long long long long long long long long long long long long long long long long long long long long long long long long long long long long long long long long long long long long long long long long long long long long long long long long long long long long long long long long long long long long long long long long long long long long long long long long long long long long long long long long long long long long long long long long long long long long long long long long long long long long long long long long long long long long long long long long long long long long long long long long long long long long long long long long long long long long long long long long long long long long long long long long long long long long long long long long long long long long long long long long long long long long long long long long long long long long long long long long long long long long long long long long long long long long long long long long long long long long long long long long long long long long long long long long long long long long long long long long long long long long long long long long long long long long long long long long long long long long long long long long long long long long long long long long long long long long long long long long long long long long long long long long long long long long long long long long long long long long long long long long long long long long long long long long long long long long long long long long long long long long long long long long long long long long long long long long long long long long long long long long long long long long long long long long long long long long long long long long long long long long long long long long long long long long long long long long long long long long long long long long long long long long long long long long long long long long long long long long long long long long long long long long long long long long long long long long long long long long long long long long long long long long long long long long long long long long long long long long long long long long long long long long long long long long long long long long long long long long long long long long long long long long long long long long test.');
INSERT INTO blog_comment VALUES(11,'wenbao','wenbao@oabnew.com','2019-12-22 15:37:46.306899','2019-12-22 15:37:46.306937',1,12,'This is a long long long long long long long long long long long long long long long long long long long long long long long long long long long long long long long long long long long long long long long long long long long long long long long long long long long long long long long long long long long long long long long long long long long long long long long long long long long long long long long long long long long long long long long long long long long long long long long long long long long long long long long long long long long long long long long long long long long long long long long long long long long long long long long long long long long long long long long long long long long long long long long long long long long long long long long long long long long long long long long long long long long long long long long long long long long long long long long long long long long long long long long long long long long long long long long long long long long long long long long long long long long long long long long long long long long long long long long long long long long long long long long long long long long long long long long long long long long long long long long long long long long long long long long long long long long long long long long long long long long long long long long long long long long long long long long long long long long long long long long long long long long long long long long long long long long long long long long long long long long long long long long long long long long long long long long long long long long long long long long long long long long long long long long long long long long long long long long long long long long long long long long long long long long long long long long long long long long long long long long long long long long long long long long long long long long long long long long long long long long long long long long long long long long long long long long long long long long long long long long long long long long long long long long long long long long long long long long long long long long long long long long long long long long long long long long long long long long long long long long long long long long long long long long long long long long long long long long long long long long long long long long long long long long long long long long long long long long long long long long long long long long long long long long long long long long long long long long long long long long long long long long long test.');
INSERT INTO blog_comment VALUES(12,'test','test@test.com','2019-12-22 15:44:38.185932','2019-12-22 15:44:38.185970',1,12,'test');
INSERT INTO blog_comment VALUES(13,'test','test@test.com','2019-12-22 15:50:36.949536','2019-12-22 15:50:36.949594',1,12,'test');
INSERT INTO blog_comment VALUES(14,'test','test@test.com','2019-12-22 15:51:16.300329','2019-12-22 15:51:16.300385',1,12,'test');
INSERT INTO blog_comment VALUES(15,'test','test@test.com','2019-12-22 15:52:44.939070','2019-12-22 15:52:44.939109',1,12,'test');
INSERT INTO blog_comment VALUES(16,'test','test@test.com','2019-12-22 15:52:57.438922','2019-12-22 15:52:57.438958',1,12,'test');
INSERT INTO blog_comment VALUES(17,'test','test@test.com','2019-12-22 16:01:56.733731','2019-12-22 16:01:56.733786',1,12,'test');
INSERT INTO blog_comment VALUES(18,'test','test@test.com','2019-12-22 16:02:04.145934','2019-12-22 16:02:04.145972',1,12,'test');
INSERT INTO blog_comment VALUES(19,'tt','tt@oabnew.com','2019-12-22 16:02:28.350862','2019-12-22 16:02:28.350914',1,12,'tt');
INSERT INTO blog_comment VALUES(20,'tt','tt@oabnew.com','2019-12-22 16:03:49.781229','2019-12-22 16:03:49.781275',1,12,'tt');
INSERT INTO blog_comment VALUES(21,'tt','tt@oabnew.com','2019-12-22 16:04:18.745844','2019-12-22 16:04:18.745880',1,12,'tt');
INSERT INTO blog_comment VALUES(22,'tt','tt@oabnew.com','2019-12-22 16:04:38.553785','2019-12-22 16:04:38.553827',1,12,'tt');
INSERT INTO blog_comment VALUES(23,'tt','tt@oabnew.com','2019-12-22 16:05:17.730232','2019-12-22 16:05:17.730270',1,12,'tt');
INSERT INTO blog_comment VALUES(24,'d','d@oabnew.com','2019-12-22 16:14:01.142507','2019-12-22 16:14:01.142556',1,12,'d');
INSERT INTO blog_comment VALUES(25,'t','t@t.com','2019-12-22 16:21:06.338356','2019-12-22 16:21:06.338397',1,12,'tt');
INSERT INTO blog_comment VALUES(26,'t','t@t.com','2019-12-22 16:21:15.054845','2019-12-22 16:21:15.054880',1,12,'tt');
INSERT INTO blog_comment VALUES(27,'t','t@t.com','2019-12-22 16:21:50.884888','2019-12-22 16:21:50.884925',1,12,'t');
INSERT INTO blog_comment VALUES(28,'ttt','tt@t.com','2019-12-22 16:24:07.935498','2019-12-22 16:24:07.935697',1,12,'ttt');
INSERT INTO blog_comment VALUES(29,'ttt','tt@t.com','2019-12-22 16:25:26.146990','2019-12-22 16:25:26.147031',1,12,'ttt');
INSERT INTO blog_comment VALUES(30,'ttt','tt@t.com','2019-12-22 16:28:22.726393','2019-12-22 16:28:22.726456',1,12,'ttt');
INSERT INTO blog_comment VALUES(31,'ttt','tt@t.com','2019-12-22 16:28:40.410957','2019-12-22 16:28:40.411029',1,12,'ttt');
INSERT INTO blog_comment VALUES(32,'ttt','tt@t.com','2019-12-22 16:29:43.559678','2019-12-22 16:29:43.559739',1,12,'ttt');
INSERT INTO blog_comment VALUES(33,'ttt','tt@t.com','2019-12-22 16:30:34.689905','2019-12-22 16:30:34.689952',1,12,'ttt');
INSERT INTO blog_comment VALUES(34,'ttt','tt@t.com','2019-12-22 16:40:53.446070','2019-12-22 16:40:53.446132',1,12,'ttt');
INSERT INTO blog_comment VALUES(35,'ttt','tt@t.com','2019-12-22 16:42:04.884365','2019-12-22 16:42:04.884416',1,12,'ttt');
INSERT INTO blog_comment VALUES(36,'tt','ttt@ttt.com','2019-12-22 16:42:30.643570','2019-12-22 16:42:30.643607',1,12,'ttttttt');
INSERT INTO blog_comment VALUES(37,'tt','ttt@ttt.com','2019-12-22 16:44:18.460154','2019-12-22 16:44:18.460217',1,12,'ttttttt');
INSERT INTO blog_comment VALUES(38,'tt','ttt@ttt.com','2019-12-22 16:46:00.126136','2019-12-22 16:46:00.126198',1,12,'ttttttt');
INSERT INTO blog_comment VALUES(39,'tt','ttt@ttt.com','2019-12-22 16:46:38.859780','2019-12-22 16:46:38.859850',1,12,'ttttttt');
INSERT INTO blog_comment VALUES(40,'tt','ttt@ttt.com','2019-12-22 16:50:08.202287','2019-12-22 16:50:08.202353',1,12,'ttttttt');
INSERT INTO blog_comment VALUES(41,'testtest','testtest@test.com','2019-12-22 16:50:51.550805','2019-12-22 16:50:51.550842',1,12,'testtest');
INSERT INTO blog_comment VALUES(42,'wenbao','wenbao@oabnew.com','2019-12-22 16:53:35.214621','2019-12-22 16:53:35.214659',1,12,'wenbaobao');
INSERT INTO blog_comment VALUES(43,'oabnew','oabnew@oabnew.com','2019-12-22 16:58:09.867083','2019-12-22 16:58:09.867140',1,12,'oabnew');
INSERT INTO blog_comment VALUES(44,'oabnew','oabnew@oabnew.com','2019-12-22 17:02:10.859989','2019-12-22 17:02:10.860041',1,12,'oabnew');
INSERT INTO blog_comment VALUES(45,'qqq','www@qqq.com','2019-12-22 17:03:03.920027','2019-12-22 17:03:03.920092',1,12,'qqqwww');
DELETE FROM sqlite_sequence;
INSERT INTO sqlite_sequence VALUES('django_migrations',24);
INSERT INTO sqlite_sequence VALUES('django_admin_log',89);
INSERT INTO sqlite_sequence VALUES('django_content_type',8);
INSERT INTO sqlite_sequence VALUES('auth_permission',32);
INSERT INTO sqlite_sequence VALUES('auth_user',2);
INSERT INTO sqlite_sequence VALUES('auth_group',0);
INSERT INTO sqlite_sequence VALUES('blog_post',12);
INSERT INTO sqlite_sequence VALUES('blog_comment',45);
CREATE UNIQUE INDEX "auth_group_permissions_group_id_permission_id_0cd325b0_uniq" ON "auth_group_permissions" ("group_id", "permission_id");
CREATE INDEX "auth_group_permissions_group_id_b120cbf9" ON "auth_group_permissions" ("group_id");
CREATE INDEX "auth_group_permissions_permission_id_84c5c92e" ON "auth_group_permissions" ("permission_id");
CREATE UNIQUE INDEX "auth_user_groups_user_id_group_id_94350c0c_uniq" ON "auth_user_groups" ("user_id", "group_id");
CREATE INDEX "auth_user_groups_user_id_6a12ed8b" ON "auth_user_groups" ("user_id");
CREATE INDEX "auth_user_groups_group_id_97559544" ON "auth_user_groups" ("group_id");
CREATE UNIQUE INDEX "auth_user_user_permissions_user_id_permission_id_14a6b632_uniq" ON "auth_user_user_permissions" ("user_id", "permission_id");
CREATE INDEX "auth_user_user_permissions_user_id_a95ead1b" ON "auth_user_user_permissions" ("user_id");
CREATE INDEX "auth_user_user_permissions_permission_id_1fbb5f2c" ON "auth_user_user_permissions" ("permission_id");
CREATE INDEX "django_admin_log_content_type_id_c4bce8eb" ON "django_admin_log" ("content_type_id");
CREATE INDEX "django_admin_log_user_id_c564eba6" ON "django_admin_log" ("user_id");
CREATE UNIQUE INDEX "django_content_type_app_label_model_76bd3d3b_uniq" ON "django_content_type" ("app_label", "model");
CREATE UNIQUE INDEX "auth_permission_content_type_id_codename_01ab375a_uniq" ON "auth_permission" ("content_type_id", "codename");
CREATE INDEX "auth_permission_content_type_id_2f476e4b" ON "auth_permission" ("content_type_id");
CREATE INDEX "django_session_expire_date_a5c62663" ON "django_session" ("expire_date");
CREATE INDEX "blog_comment_post_id_580e96ef" ON "blog_comment" ("post_id");
COMMIT;
